{
  "serverMongodb": {
    "url": "mongodb+srv://",
    "username":"user01",
    "password":"manager99",
    "serverUrl":"forcecj-prwxq.mongodb.net",
    "port":"27017",
    "databaseName":"DBForceCJ"
  },
  "localMongodb": {
    "url": "mongodb://",
    "username":"",
    "password":"",
    "serverUrl":"localhost",
    "port":"27017",
    "databaseName":"DBForceCJ"
  },
  "paymentGetway": {
    "stripe": {
       "publicKey":"pk_test_51HInsGFD88CozxNqGEnA3y0sUvOBW9ODAvFBJpBRz0CGwRwRTIdUUUfSOCnvmSqc02H18tE9keifwjEEnpVh1v8S00QgX4WUT6",
       "secretKey": "sk_test_51HInsGFD88CozxNq5ux0gypcmIUC8MuUFy5UlZWPU2NL58Jds4yWyI6KmMiLoTDadg8AVVCLoKWBAmNIsZjlSpl700Xyk0kn8c"
    }
  },
  "AWS": {
    "accessKeyId":"AKIAQCS3GIQH54XKFGV4",
    "secretAccessKey":"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",
    "region":"us-east-1",
    "bucket":"forcecj-products-pix/1000001"
  },
  "secret": "secret_key",
  "tokenExpires": 2000,
  "superSecret": "gOROfWnARLrbodzhKALrkTd1XTGTa6L3cuCAVKoohR2IishKtMvtZYliAhKpP7D",
  "port": 4000
}
